date,ticker,open,high,low,close,volume
2025-01-01,AAA,100.0,100.62,99.93,100.55,1097153
2025-01-02,AAA,100.55,102.25,100.43,102.13,964879
2025-01-03,AAA,102.13,104.19,101.74,103.79,929578
2025-01-06,AAA,103.79,104.65,103.55,104.41,930140
2025-01-07,AAA,104.41,105.71,103.41,104.71,741262
2025-01-08,AAA,104.71,105.24,103.65,104.18,1047137
2025-01-09,AAA,104.18,104.91,102.55,103.28,1219847
2025-01-10,AAA,103.28,103.32,103.07,103.1,786287
2025-01-13,AAA,103.1,103.16,102.53,102.59,827350
2025-01-14,AAA,102.59,103.34,102.28,103.03,956245
2025-01-15,AAA,103.03,103.98,101.51,102.46,997975
2025-01-16,AAA,102.46,102.88,101.01,101.43,816873
2025-01-17,AAA,101.43,102.69,100.43,101.69,800772
2025-01-20,AAA,101.69,102.32,101.31,101.94,1025705
2025-01-21,AAA,101.94,102.09,101.72,101.87,778221
2025-01-22,AAA,101.87,102.11,100.96,101.19,1158568
2025-01-23,AAA,101.19,102.48,100.3,101.59,1048612
2025-01-24,AAA,101.59,101.93,100.91,101.25,1091751
2025-01-27,AAA,101.25,102.82,100.78,102.34,874117
2025-01-28,AAA,102.34,102.51,101.91,102.08,1146331
2025-01-29,AAA,102.08,102.17,101.55,101.64,834049
2025-01-30,AAA,101.64,102.05,100.07,100.47,1203436
2025-01-31,AAA,100.47,100.98,99.95,100.45,1054245
2025-02-03,AAA,100.45,100.63,99.67,99.85,1230705
2025-02-04,AAA,99.85,100.65,99.07,99.87,607038
2025-02-05,AAA,99.87,100.78,99.83,100.74,955148
2025-02-06,AAA,100.74,101.89,99.74,100.88,967049
2025-02-07,AAA,100.88,102.04,100.14,101.29,922259
2025-02-10,AAA,101.29,101.55,100.27,100.52,1137310
2025-02-11,AAA,100.52,101.17,100.26,100.91,1076990
2025-02-12,AAA,100.91,101.54,100.42,101.05,894692
2025-02-13,AAA,101.05,101.25,100.58,100.77,780472
2025-02-14,AAA,100.77,101.25,100.64,101.12,1000767
2025-02-17,AAA,101.12,101.84,100.22,100.94,936903
2025-02-18,AAA,100.94,101.34,100.24,100.64,975807
2025-02-19,AAA,100.64,102.05,99.69,101.1,1026186
2025-02-20,AAA,101.1,101.45,101.06,101.41,712184
2025-02-21,AAA,101.41,101.46,101.38,101.43,1369486
2025-02-24,AAA,101.43,101.58,101.13,101.29,994793
2025-02-25,AAA,101.29,101.87,99.58,100.15,1112789
2025-02-26,AAA,100.15,101.46,99.7,101.0,1210419
2025-02-27,AAA,101.0,101.29,99.34,99.63,1328568
2025-02-28,AAA,99.63,99.91,98.41,98.69,1014947
2025-03-03,AAA,98.69,99.46,97.48,98.25,1010284
2025-03-04,AAA,98.25,98.48,97.02,97.25,862086
2025-03-05,AAA,97.25,99.2,96.87,98.81,951690
2025-03-06,AAA,98.81,100.27,98.2,99.66,1034118
2025-03-07,AAA,99.66,101.83,98.86,101.01,1027695
2025-03-10,AAA,101.01,101.72,100.62,101.33,814457
2025-03-11,AAA,101.33,101.59,99.78,100.04,1044547
2025-03-12,AAA,100.04,100.51,99.87,100.34,897996
2025-03-13,AAA,100.34,100.77,100.19,100.62,892847
2025-03-14,AAA,100.62,102.79,100.39,102.55,821304
2025-03-17,AAA,102.55,103.78,102.05,103.28,1118062
2025-03-18,AAA,103.28,104.95,102.85,104.52,1144506
2025-03-19,AAA,104.52,105.44,104.09,105.01,1284518
2025-03-20,AAA,105.01,105.4,104.41,104.8,866572
2025-03-21,AAA,104.8,104.84,103.96,104.0,1051172
2025-03-24,AAA,104.0,104.77,103.57,104.34,1001950
2025-03-25,AAA,104.34,106.05,104.2,105.91,1408025
2025-03-26,AAA,105.91,107.08,105.45,106.62,839366
2025-03-27,AAA,106.62,107.31,106.5,107.19,1107100
2025-03-28,AAA,107.19,107.79,107.15,107.75,872980
2025-03-31,AAA,107.75,107.99,105.94,106.17,1128459
2025-04-01,AAA,106.17,107.12,105.51,106.45,1025977
2025-04-02,AAA,106.45,107.39,105.98,106.92,1023058
2025-04-03,AAA,106.92,107.65,106.31,107.03,1053668
2025-04-04,AAA,107.03,108.27,106.45,107.69,1158070
2025-04-07,AAA,107.69,108.19,105.76,106.26,1077255
2025-04-08,AAA,106.26,107.13,105.98,106.86,1577909
2025-04-09,AAA,106.86,108.13,106.25,107.52,1143100
2025-04-10,AAA,107.52,108.45,107.35,108.27,1113845
2025-04-11,AAA,108.27,108.4,107.36,107.49,927195
2025-04-14,AAA,107.49,108.88,106.25,107.63,719910
2025-04-15,AAA,107.63,109.3,106.77,108.43,929210
2025-04-16,AAA,108.43,109.7,108.39,109.66,838338
2025-04-17,AAA,109.66,110.03,108.56,108.93,890445
2025-04-18,AAA,108.93,109.25,108.91,109.22,902259
2025-04-21,AAA,109.22,111.97,108.88,111.62,696228
2025-04-22,AAA,111.62,112.25,111.25,111.88,1127865
2025-04-23,AAA,111.88,111.95,110.99,111.05,1075748
2025-04-24,AAA,111.05,112.74,110.38,112.07,949824
2025-04-25,AAA,112.07,112.43,111.23,111.59,1264818
2025-04-28,AAA,111.59,112.81,110.89,112.1,1137679
2025-04-29,AAA,112.1,115.13,111.52,114.53,772094
2025-04-30,AAA,114.53,115.26,113.31,114.04,893849
2025-05-01,AAA,114.04,115.04,113.6,114.6,860960
2025-05-02,AAA,114.6,116.46,112.73,114.59,846341
2025-05-05,AAA,114.59,115.3,113.64,114.36,1244861
2025-05-06,AAA,114.36,114.61,112.53,112.78,1019611
2025-05-07,AAA,112.78,115.28,111.97,114.46,1174474
2025-05-08,AAA,114.46,115.09,113.9,114.53,1069315
2025-05-09,AAA,114.53,115.16,114.19,114.81,1010470
2025-05-12,AAA,114.81,114.88,114.37,114.43,1099319
2025-05-13,AAA,114.43,117.02,113.72,116.3,1319955
2025-05-14,AAA,116.3,116.39,114.0,114.09,1088247
2025-05-15,AAA,114.09,114.82,113.73,114.47,968781
2025-05-16,AAA,114.47,114.8,113.62,113.96,1127440
2025-05-19,AAA,113.96,114.82,113.57,114.42,1134939
2025-05-20,AAA,114.42,115.3,113.96,114.83,1094444
2025-05-21,AAA,114.83,115.15,113.62,113.94,1112094
2025-05-22,AAA,113.94,114.7,113.93,114.69,1017599
2025-05-23,AAA,114.69,116.56,114.35,116.21,1082064
2025-05-26,AAA,116.21,116.34,115.91,116.04,1164816
2025-05-27,AAA,116.04,117.53,115.56,117.05,1195821
2025-05-28,AAA,117.05,117.54,116.65,117.14,953459
2025-05-29,AAA,117.14,117.65,117.06,117.57,1014549
2025-05-30,AAA,117.57,118.82,117.09,118.33,1313858
2025-06-02,AAA,118.33,119.05,116.49,117.2,1173716
2025-06-03,AAA,117.2,118.56,116.84,118.19,1094251
2025-06-04,AAA,118.19,118.76,117.66,118.23,1011370
2025-06-05,AAA,118.23,118.81,116.92,117.49,977941
2025-06-06,AAA,117.49,117.68,116.39,116.58,1061939
2025-06-09,AAA,116.58,117.06,115.5,115.98,1036553
2025-06-10,AAA,115.98,116.62,115.69,116.32,929344
2025-06-11,AAA,116.32,117.5,115.48,116.65,788880
2025-06-12,AAA,116.65,116.78,115.75,115.87,1046636
2025-06-13,AAA,115.87,118.14,115.37,117.64,976009
2025-06-16,AAA,117.64,118.26,117.05,117.68,997223
2025-06-17,AAA,117.68,117.86,117.2,117.39,875915
2025-06-18,AAA,117.39,118.97,116.49,118.06,983685
2025-06-19,AAA,118.06,119.01,117.66,118.6,939816
2025-06-20,AAA,118.6,118.93,118.59,118.92,1014651
2025-06-23,AAA,118.92,118.94,118.05,118.06,1074699
2025-06-24,AAA,118.06,120.41,117.49,119.83,1322977
2025-06-25,AAA,119.83,120.36,118.45,118.97,1027501
2025-06-26,AAA,118.97,122.13,118.49,121.64,874041
2025-06-27,AAA,121.64,122.93,119.69,120.97,921136
2025-06-30,AAA,120.97,121.06,120.02,120.11,1051263
2025-07-01,AAA,120.11,123.01,119.54,122.43,913464
2025-07-02,AAA,122.43,122.73,121.09,121.39,801965
2025-07-03,AAA,121.39,124.4,120.67,123.67,929623
2025-07-04,AAA,123.67,124.51,120.79,121.61,982819
2025-07-07,AAA,121.61,124.16,120.64,123.18,910093
2025-07-08,AAA,123.18,123.28,123.15,123.25,932490
2025-07-09,AAA,123.25,124.74,122.59,124.08,978643
2025-07-10,AAA,124.08,124.61,123.76,124.29,1106742
2025-07-11,AAA,124.29,125.24,122.01,122.95,1191651
2025-07-14,AAA,122.95,123.89,122.49,123.42,1232672
2025-07-15,AAA,123.42,124.36,122.7,123.63,1010127
2025-07-16,AAA,123.63,127.35,122.54,126.24,962655
2025-07-17,AAA,126.24,127.94,125.83,127.53,1205294
2025-07-18,AAA,127.53,127.96,125.93,126.36,1158763
2025-07-21,AAA,126.36,127.11,123.47,124.2,694115
2025-07-22,AAA,124.2,124.65,123.48,123.93,1225353
2025-07-23,AAA,123.93,125.09,122.92,124.08,792984
2025-07-24,AAA,124.08,124.12,122.0,122.03,1057609
2025-07-25,AAA,122.03,123.31,120.77,122.05,986631
2025-07-28,AAA,122.05,122.46,120.12,120.52,1054989
2025-07-29,AAA,120.52,120.83,119.14,119.45,841117
2025-07-30,AAA,119.45,120.02,118.86,119.43,852141
2025-07-31,AAA,119.43,120.41,119.12,120.1,881069
2025-08-01,AAA,120.1,120.72,119.41,120.03,916952
2025-08-04,AAA,120.03,121.21,117.48,118.65,1005289
2025-08-05,AAA,118.65,118.78,117.75,117.88,983150
2025-08-06,AAA,117.88,118.24,117.32,117.68,1113626
2025-08-07,AAA,117.68,118.02,116.77,117.11,958742
2025-08-08,AAA,117.11,118.0,113.61,114.47,1205031
2025-08-11,AAA,114.47,116.56,114.33,116.41,1086483
2025-08-12,AAA,116.41,118.63,114.62,116.83,1167936
2025-08-13,AAA,116.83,117.39,116.19,116.74,759033
2025-08-14,AAA,116.74,117.48,116.3,117.04,786661
2025-08-15,AAA,117.04,117.67,115.71,116.34,1253071
2025-08-18,AAA,116.34,117.43,116.34,117.43,1221991
2025-08-19,AAA,117.43,118.08,116.92,117.57,1228468
2025-08-20,AAA,117.57,118.88,116.96,118.27,971449
2025-08-21,AAA,118.27,119.08,116.48,117.29,1138926
2025-08-22,AAA,117.29,120.43,116.47,119.59,1084445
2025-08-25,AAA,119.59,119.88,118.58,118.87,911140
2025-08-26,AAA,118.87,118.9,117.87,117.9,875357
2025-08-27,AAA,117.9,118.31,117.87,118.28,964157
2025-08-28,AAA,118.28,118.62,116.93,117.27,1113308
2025-08-29,AAA,117.27,118.49,116.69,117.91,1014899
2025-09-01,AAA,117.91,119.85,116.93,118.86,1081504
2025-09-02,AAA,118.86,119.2,117.79,118.13,885511
2025-09-03,AAA,118.13,119.09,115.11,116.06,1007212
2025-09-04,AAA,116.06,116.94,115.53,116.42,1095788
2025-09-05,AAA,116.42,116.45,114.5,114.54,818347
2025-09-08,AAA,114.54,114.57,113.82,113.85,870937
2025-09-09,AAA,113.85,114.42,112.9,113.47,913466
2025-09-10,AAA,113.47,115.12,112.83,114.47,1079470
2025-09-11,AAA,114.47,117.62,113.06,116.18,880465
2025-09-12,AAA,116.18,117.03,116.06,116.91,1055671
2025-09-15,AAA,116.91,116.96,116.21,116.26,976648
2025-09-16,AAA,116.26,117.83,116.11,117.68,1050640
2025-09-17,AAA,117.68,117.97,116.97,117.25,935116
2025-09-18,AAA,117.25,118.02,117.01,117.77,1043466
2025-09-19,AAA,117.77,120.8,117.26,120.28,951096
2025-09-22,AAA,120.28,122.03,120.03,121.78,694281
2025-09-23,AAA,121.78,122.92,119.49,120.62,947272
2025-09-24,AAA,120.62,121.71,119.6,120.7,1049039
2025-09-25,AAA,120.7,121.2,119.99,120.49,668329
2025-09-26,AAA,120.49,121.3,120.03,120.84,778212
2025-09-29,AAA,120.84,122.49,120.63,122.28,937706
2025-09-30,AAA,122.28,124.51,120.89,123.12,1027279
2025-10-01,AAA,123.12,123.77,122.83,123.48,872523
2025-10-02,AAA,123.48,125.1,122.95,124.57,1010734
2025-10-03,AAA,124.57,124.87,123.74,124.04,1050049
2025-10-06,AAA,124.04,125.71,123.72,125.39,959518
2025-10-07,AAA,125.39,125.66,123.95,124.22,1056595
2025-10-08,AAA,124.22,125.8,123.65,125.22,1130440
2025-10-09,AAA,125.22,127.25,124.96,126.98,1281519
2025-10-10,AAA,126.98,127.77,125.28,126.06,733191
2025-10-13,AAA,126.06,128.43,125.65,128.01,991662
2025-10-14,AAA,128.01,129.16,127.29,128.44,1366862
2025-10-15,AAA,128.44,128.74,128.37,128.67,1108864
2025-10-16,AAA,128.67,129.49,128.52,129.35,881428
2025-10-17,AAA,129.35,131.25,128.13,130.02,1201813
2025-10-20,AAA,130.02,132.5,129.69,132.16,851559
2025-10-21,AAA,132.16,132.2,132.02,132.06,1164128
2025-10-22,AAA,132.06,133.07,128.9,129.89,976298
2025-10-23,AAA,129.89,130.55,128.75,129.4,751771
2025-10-24,AAA,129.4,130.58,129.35,130.53,806505
2025-10-27,AAA,130.53,130.75,128.69,128.91,1250353
2025-10-28,AAA,128.91,129.88,127.67,128.64,963138
2025-10-29,AAA,128.64,130.37,126.62,128.35,991855
2025-10-30,AAA,128.35,128.8,127.67,128.12,1277343
2025-10-31,AAA,128.12,129.8,127.95,129.62,834021
2025-11-03,AAA,129.62,133.06,129.59,133.03,1002089
2025-11-04,AAA,133.03,133.19,132.89,133.06,978345
2025-11-05,AAA,133.06,133.42,132.0,132.36,995087
2025-11-06,AAA,132.36,132.83,131.24,131.71,1015964
2025-11-07,AAA,131.71,132.7,130.45,131.44,602354
2025-11-10,AAA,131.44,133.77,130.62,132.94,688991
2025-11-11,AAA,132.94,133.19,132.31,132.55,788873
2025-11-12,AAA,132.55,133.29,130.86,131.59,1262840
2025-11-13,AAA,131.59,133.73,130.75,132.88,1108250
2025-11-14,AAA,132.88,133.23,131.1,131.45,1073406
2025-11-17,AAA,131.45,131.92,129.45,129.91,963951
2025-11-18,AAA,129.91,130.37,129.03,129.49,1066639
2025-11-19,AAA,129.49,130.24,128.34,129.08,837840
2025-11-20,AAA,129.08,130.33,128.7,129.94,953568
2025-11-21,AAA,129.94,131.25,129.13,130.43,1138604
2025-11-24,AAA,130.43,130.77,129.92,130.26,1157351
2025-11-25,AAA,130.26,131.17,128.49,129.4,766505
2025-11-26,AAA,129.4,131.09,128.58,130.25,1263219
2025-11-27,AAA,130.25,131.36,126.52,127.61,1031652
2025-11-28,AAA,127.61,127.95,127.2,127.55,1059870
2025-12-01,AAA,127.55,128.27,126.84,127.56,1017134
2025-12-02,AAA,127.56,128.05,127.33,127.82,991458
2025-12-03,AAA,127.82,129.37,126.73,128.28,797772
2025-12-04,AAA,128.28,129.4,128.17,129.29,972402
2025-12-05,AAA,129.29,129.61,129.07,129.38,919036
2025-12-08,AAA,129.38,129.51,128.31,128.44,853244
2025-12-09,AAA,128.44,130.13,127.35,129.03,1154373
2025-12-10,AAA,129.03,129.87,128.86,129.7,1147403
2025-12-11,AAA,129.7,132.6,129.04,131.93,723868
2025-12-12,AAA,131.93,132.34,129.9,130.31,1003913
2025-12-15,AAA,130.31,131.52,129.83,131.04,1028015
2025-12-16,AAA,131.04,131.45,129.72,130.12,789000
2025-01-01,BBB,50.0,50.61,48.57,49.17,853619
2025-01-02,BBB,49.17,50.53,48.75,50.1,1394857
2025-01-03,BBB,50.1,50.63,50.02,50.55,871246
2025-01-06,BBB,50.55,51.45,50.28,51.18,1018301
2025-01-07,BBB,51.18,53.59,51.14,53.54,1172390
2025-01-08,BBB,53.54,53.56,52.85,52.86,1265620
2025-01-09,BBB,52.86,53.73,51.42,52.27,1106162
2025-01-10,BBB,52.27,52.57,51.44,51.74,1145883
2025-01-13,BBB,51.74,53.06,51.01,52.32,890929
2025-01-14,BBB,52.32,52.35,52.05,52.08,1093100
2025-01-15,BBB,52.08,52.88,51.46,52.25,1057029
2025-01-16,BBB,52.25,53.09,51.99,52.83,1162117
2025-01-17,BBB,52.83,53.84,52.61,53.62,989475
2025-01-20,BBB,53.62,53.83,51.81,52.02,1031153
2025-01-21,BBB,52.02,52.87,51.42,52.27,837841
2025-01-22,BBB,52.27,53.28,52.25,53.26,1102225
2025-01-23,BBB,53.26,53.3,53.25,53.29,1140742
2025-01-24,BBB,53.29,53.33,52.75,52.79,930658
2025-01-27,BBB,52.79,52.94,52.23,52.38,1033320
2025-01-28,BBB,52.38,52.97,51.34,51.93,865808
2025-01-29,BBB,51.93,52.13,51.55,51.75,1217046
2025-01-30,BBB,51.75,52.42,51.27,51.94,777165
2025-01-31,BBB,51.94,52.6,51.52,52.19,1012342
2025-02-03,BBB,52.19,53.44,51.94,53.19,1211402
2025-02-04,BBB,53.19,55.57,53.01,55.39,933174
2025-02-05,BBB,55.39,57.65,54.6,56.84,921570
2025-02-06,BBB,56.84,56.98,56.26,56.41,798332
2025-02-07,BBB,56.41,56.92,54.97,55.47,884830
2025-02-10,BBB,55.47,55.59,55.32,55.44,1232575
2025-02-11,BBB,55.44,55.93,53.96,54.44,967901
2025-02-12,BBB,54.44,54.77,54.07,54.4,831591
2025-02-13,BBB,54.4,54.85,54.31,54.77,1073867
2025-02-14,BBB,54.77,56.27,53.56,55.05,904339
2025-02-17,BBB,55.05,55.36,54.22,54.53,916678
2025-02-18,BBB,54.53,55.11,53.33,53.9,1213075
2025-02-19,BBB,53.9,54.31,52.95,53.35,1070712
2025-02-20,BBB,53.35,53.65,52.52,52.82,1030438
2025-02-21,BBB,52.82,53.55,50.66,51.38,1269381
2025-02-24,BBB,51.38,51.56,50.63,50.81,1042879
2025-02-25,BBB,50.81,51.42,50.51,51.12,1301530
2025-02-26,BBB,51.12,51.48,50.59,50.95,793102
2025-02-27,BBB,50.95,50.97,50.27,50.28,1269183
2025-02-28,BBB,50.28,50.39,49.72,49.82,997536
2025-03-03,BBB,49.82,52.04,48.68,50.88,920369
2025-03-04,BBB,50.88,51.36,49.96,50.43,1102283
2025-03-05,BBB,50.43,52.38,50.17,52.11,946106
2025-03-06,BBB,52.11,53.19,51.59,52.66,1123072
2025-03-07,BBB,52.66,53.65,52.16,53.14,1175394
2025-03-10,BBB,53.14,54.78,52.83,54.47,974932
2025-03-11,BBB,54.47,55.2,53.87,54.61,877459
2025-03-12,BBB,54.61,55.17,54.42,54.97,1004311
2025-03-13,BBB,54.97,56.33,54.88,56.24,1006965
2025-03-14,BBB,56.24,56.62,54.49,54.86,1096822
2025-03-17,BBB,54.86,57.16,54.71,57.0,1032872
2025-03-18,BBB,57.0,58.07,56.19,57.25,985705
2025-03-19,BBB,57.25,57.86,56.94,57.54,1027991
2025-03-20,BBB,57.54,57.64,56.98,57.08,1161044
2025-03-21,BBB,57.08,57.15,55.96,56.02,894981
2025-03-24,BBB,56.02,58.01,55.26,57.23,916161
2025-03-25,BBB,57.23,58.43,56.42,57.62,990137
2025-03-26,BBB,57.62,58.59,56.08,57.04,782797
2025-03-27,BBB,57.04,57.27,54.57,54.78,924691
2025-03-28,BBB,54.78,55.13,53.43,53.78,1036570
2025-03-31,BBB,53.78,54.4,52.62,53.23,1130868
2025-04-01,BBB,53.23,53.9,53.18,53.85,1276995
2025-04-02,BBB,53.85,54.59,52.09,52.82,896213
2025-04-03,BBB,52.82,52.93,52.66,52.77,963814
2025-04-04,BBB,52.77,53.71,52.18,53.11,1216564
2025-04-07,BBB,53.11,53.64,52.5,53.03,1051408
2025-04-08,BBB,53.03,53.74,52.76,53.47,1067156
2025-04-09,BBB,53.47,54.73,52.83,54.08,1029478
2025-04-10,BBB,54.08,54.82,54.04,54.77,1216017
2025-04-11,BBB,54.77,55.66,53.23,54.11,993976
2025-04-14,BBB,54.11,54.17,52.65,52.71,897842
2025-04-15,BBB,52.71,53.83,52.4,53.51,933072
2025-04-16,BBB,53.51,53.73,51.48,51.69,636418
2025-04-17,BBB,51.69,52.04,49.87,50.22,1117870
2025-04-18,BBB,50.22,51.04,49.78,50.6,992843
2025-04-21,BBB,50.6,51.13,50.07,50.6,1225509
2025-04-22,BBB,50.6,51.5,50.5,51.4,1004032
2025-04-23,BBB,51.4,52.54,50.45,51.59,962923
2025-04-24,BBB,51.59,52.06,50.5,50.96,957834
2025-04-25,BBB,50.96,52.91,50.66,52.61,914323
2025-04-28,BBB,52.61,53.82,51.94,53.15,1138695
2025-04-29,BBB,53.15,53.52,52.84,53.21,1104733
2025-04-30,BBB,53.21,54.01,52.78,53.58,1095275
2025-05-01,BBB,53.58,54.86,53.32,54.59,1197609
2025-05-02,BBB,54.59,55.81,53.57,54.79,896621
2025-05-05,BBB,54.79,56.6,54.69,56.5,902287
2025-05-06,BBB,56.5,56.66,55.85,56.01,1063624
2025-05-07,BBB,56.01,56.83,55.72,56.54,996346
2025-05-08,BBB,56.54,59.63,55.66,58.72,1065448
2025-05-09,BBB,58.72,58.82,58.65,58.76,1092027
2025-05-12,BBB,58.76,58.89,57.54,57.67,749712
2025-05-13,BBB,57.67,58.43,57.34,58.09,927522
2025-05-14,BBB,58.09,60.39,57.45,59.73,780343
2025-05-15,BBB,59.73,60.54,59.17,59.98,1252589
2025-05-16,BBB,59.98,60.56,58.9,59.48,994223
2025-05-19,BBB,59.48,59.95,58.82,59.3,1097848
2025-05-20,BBB,59.3,60.08,56.85,57.61,1207013
2025-05-21,BBB,57.61,57.82,56.76,56.96,1074104
2025-05-22,BBB,56.96,57.51,56.68,57.23,899256
2025-05-23,BBB,57.23,57.84,56.6,57.21,1081540
2025-05-26,BBB,57.21,57.6,56.43,56.82,572718
2025-05-27,BBB,56.82,58.91,55.93,58.0,945633
2025-05-28,BBB,58.0,58.67,56.17,56.83,1174124
2025-05-29,BBB,56.83,57.01,56.18,56.35,992961
2025-05-30,BBB,56.35,56.87,56.31,56.84,807551
2025-06-02,BBB,56.84,58.11,56.58,57.85,766512
2025-06-03,BBB,57.85,58.64,56.63,57.41,1127533
2025-06-04,BBB,57.41,57.59,56.87,57.05,951754
2025-06-05,BBB,57.05,59.38,56.85,59.18,1064506
2025-06-06,BBB,59.18,60.41,59.05,60.28,961143
2025-06-09,BBB,60.28,60.32,60.03,60.07,994416
2025-06-10,BBB,60.07,60.88,60.04,60.85,1109896
2025-06-11,BBB,60.85,60.89,60.72,60.76,700269
2025-06-12,BBB,60.76,61.96,60.57,61.77,1149701
2025-06-13,BBB,61.77,62.93,57.45,58.55,979061
2025-06-16,BBB,58.55,60.27,58.0,59.71,1091916
2025-06-17,BBB,59.71,60.05,58.25,58.58,1287104
2025-06-18,BBB,58.58,58.7,58.27,58.38,1130510
2025-06-19,BBB,58.38,58.98,58.3,58.9,1054744
2025-06-20,BBB,58.9,61.48,58.87,61.45,1030164
2025-06-23,BBB,61.45,63.23,60.84,62.61,1178054
2025-06-24,BBB,62.61,63.98,61.97,63.33,1245014
2025-06-25,BBB,63.33,63.5,61.86,62.02,886858
2025-06-26,BBB,62.02,62.21,61.77,61.95,1048203
2025-06-27,BBB,61.95,63.33,61.05,62.42,1068030
2025-06-30,BBB,62.42,62.96,61.61,62.15,1178420
2025-07-01,BBB,62.15,62.48,60.45,60.78,1105175
2025-07-02,BBB,60.78,61.53,59.7,60.45,977491
2025-07-03,BBB,60.45,60.68,60.36,60.59,1002336
2025-07-04,BBB,60.59,61.37,58.62,59.39,1239175
2025-07-07,BBB,59.39,59.92,57.96,58.49,676991
2025-07-08,BBB,58.49,59.18,57.12,57.81,1246302
2025-07-09,BBB,57.81,59.23,57.46,58.86,1337865
2025-07-10,BBB,58.86,60.08,58.69,59.9,625089
2025-07-11,BBB,59.9,63.15,59.16,62.37,753190
2025-07-14,BBB,62.37,64.92,61.0,63.52,1207640
2025-07-15,BBB,63.52,64.51,63.18,64.17,1128012
2025-07-16,BBB,64.17,65.21,64.0,65.04,1015630
2025-07-17,BBB,65.04,65.49,64.53,64.97,957898
2025-07-18,BBB,64.97,65.03,62.93,62.99,851711
2025-07-21,BBB,62.99,63.09,61.64,61.74,1208800
2025-07-22,BBB,61.74,63.65,60.87,62.76,851555
2025-07-23,BBB,62.76,64.39,62.21,63.82,966305
2025-07-24,BBB,63.82,65.02,63.27,64.45,1015806
2025-07-25,BBB,64.45,64.8,62.57,62.91,1047967
2025-07-28,BBB,62.91,63.16,60.86,61.1,997054
2025-07-29,BBB,61.1,61.84,60.98,61.71,1204621
2025-07-30,BBB,61.71,62.09,61.47,61.85,1018344
2025-07-31,BBB,61.85,62.48,61.82,62.45,1006088
2025-08-01,BBB,62.45,62.83,61.3,61.67,789609
2025-08-04,BBB,61.67,64.32,60.98,63.61,896064
2025-08-05,BBB,63.61,64.12,62.28,62.79,955757
2025-08-06,BBB,62.79,64.58,62.4,64.2,1041849
2025-08-07,BBB,64.2,65.43,62.01,63.23,821860
2025-08-08,BBB,63.23,63.95,62.87,63.58,1062069
2025-08-11,BBB,63.58,63.66,63.3,63.37,1006571
2025-08-12,BBB,63.37,63.92,62.65,63.2,1331578
2025-08-13,BBB,63.2,63.98,61.8,62.57,986757
2025-08-14,BBB,62.57,65.95,62.12,65.47,1245867
2025-08-15,BBB,65.47,67.79,65.15,67.45,1085347
2025-08-18,BBB,67.45,69.67,67.22,69.43,969462
2025-08-19,BBB,69.43,70.06,68.07,68.7,902608
2025-08-20,BBB,68.7,68.72,67.17,67.19,884504
2025-08-21,BBB,67.19,68.42,66.25,67.47,1049632
2025-08-22,BBB,67.47,69.71,66.26,68.48,1056108
2025-08-25,BBB,68.48,70.76,67.74,70.0,1250885
2025-08-26,BBB,70.0,70.97,69.55,70.52,991634
2025-08-27,BBB,70.52,71.28,70.48,71.23,1080813
2025-08-28,BBB,71.23,71.34,69.95,70.05,787942
2025-08-29,BBB,70.05,70.62,69.34,69.91,889670
2025-09-01,BBB,69.91,72.17,69.23,71.47,1091370
2025-09-02,BBB,71.47,71.67,69.86,70.06,1181964
2025-09-03,BBB,70.06,71.71,68.6,70.24,1058997
2025-09-04,BBB,70.24,70.68,70.05,70.48,1020031
2025-09-05,BBB,70.48,70.93,69.84,70.29,1143505
2025-09-08,BBB,70.29,71.13,68.47,69.3,724569
2025-09-09,BBB,69.3,70.62,68.61,69.93,677066
2025-09-10,BBB,69.93,72.0,68.36,70.42,999089
2025-09-11,BBB,70.42,71.53,70.37,71.48,985166
2025-09-12,BBB,71.48,72.85,71.29,72.66,1040108
2025-09-15,BBB,72.66,73.52,72.23,73.08,1148806
2025-09-16,BBB,73.08,73.58,72.36,72.85,1080476
2025-09-17,BBB,72.85,72.87,71.66,71.68,998632
2025-09-18,BBB,71.68,73.39,71.37,73.08,996245
2025-09-19,BBB,73.08,75.08,72.16,74.15,1083671
2025-09-22,BBB,74.15,75.04,73.28,74.17,840232
2025-09-23,BBB,74.17,74.57,73.35,73.76,971954
2025-09-24,BBB,73.76,74.19,73.41,73.83,989425
2025-09-25,BBB,73.83,74.52,73.79,74.48,703680
2025-09-26,BBB,74.48,74.58,73.13,73.22,818545
2025-09-29,BBB,73.22,75.03,72.21,74.01,1182814
2025-09-30,BBB,74.01,75.01,72.74,73.73,1022300
2025-10-01,BBB,73.73,74.14,72.88,73.28,954629
2025-10-02,BBB,73.28,73.39,72.66,72.77,1024086
2025-10-03,BBB,72.77,73.06,72.48,72.77,1178596
2025-10-06,BBB,72.77,75.01,71.8,74.02,616911
2025-10-07,BBB,74.02,76.19,73.11,75.26,966285
2025-10-08,BBB,75.26,76.48,72.48,73.68,1081219
2025-10-09,BBB,73.68,75.07,73.29,74.68,611343
2025-10-10,BBB,74.68,74.95,73.69,73.95,778163
2025-10-13,BBB,73.95,74.2,73.94,74.19,1086893
2025-10-14,BBB,74.19,75.0,73.54,74.35,1179485
2025-10-15,BBB,74.35,74.37,74.12,74.14,860009
2025-10-16,BBB,74.14,74.73,72.96,73.55,974058
2025-10-17,BBB,73.55,76.75,72.64,75.82,757965
2025-10-20,BBB,75.82,77.97,75.67,77.82,899639
2025-10-21,BBB,77.82,79.71,77.4,79.28,1273901
2025-10-22,BBB,79.28,80.6,78.93,80.25,1323596
2025-10-23,BBB,80.25,80.78,78.84,79.37,1044893
2025-10-24,BBB,79.37,82.37,78.26,81.23,1004800
2025-10-27,BBB,81.23,81.57,79.8,80.13,898342
2025-10-28,BBB,80.13,83.14,80.03,83.03,945201
2025-10-29,BBB,83.03,84.32,82.03,83.31,854257
2025-10-30,BBB,83.31,85.61,82.82,85.11,842963
2025-10-31,BBB,85.11,86.85,84.2,85.93,1107842
2025-11-03,BBB,85.93,88.07,85.35,87.47,786728
2025-11-04,BBB,87.47,90.1,87.22,89.84,962375
2025-11-05,BBB,89.84,92.45,89.39,91.98,1068383
2025-11-06,BBB,91.98,96.12,91.45,95.57,1139176
2025-11-07,BBB,95.57,95.9,95.34,95.67,1229270
2025-11-10,BBB,95.67,97.01,95.2,96.54,1160876
2025-11-11,BBB,96.54,97.27,95.18,95.91,843278
2025-11-12,BBB,95.91,97.68,90.8,92.51,834518
2025-11-13,BBB,92.51,92.74,91.92,92.14,1046111
2025-11-14,BBB,92.14,94.22,91.43,93.5,912538
2025-11-17,BBB,93.5,93.74,92.98,93.22,962696
2025-11-18,BBB,93.22,96.34,92.8,95.91,1110231
2025-11-19,BBB,95.91,98.08,94.9,97.06,1027153
2025-11-20,BBB,97.06,97.41,94.45,94.79,902296
2025-11-21,BBB,94.79,95.29,93.39,93.89,1185742
2025-11-24,BBB,93.89,94.19,93.63,93.93,1255332
2025-11-25,BBB,93.93,96.54,91.73,94.33,1084826
2025-11-26,BBB,94.33,94.97,90.72,91.34,1057173
2025-11-27,BBB,91.34,94.03,90.79,93.46,979231
2025-11-28,BBB,93.46,93.64,91.23,91.4,872421
2025-12-01,BBB,91.4,91.89,89.97,90.45,1250485
2025-12-02,BBB,90.45,92.07,89.48,91.09,1066690
2025-12-03,BBB,91.09,93.56,90.59,93.05,979897
2025-12-04,BBB,93.05,93.74,92.4,93.08,1097242
2025-12-05,BBB,93.08,93.43,92.53,92.88,866876
2025-12-08,BBB,92.88,93.48,91.55,92.14,944075
2025-12-09,BBB,92.14,95.35,91.81,95.01,1033702
2025-12-10,BBB,95.01,97.84,93.8,96.6,735878
2025-12-11,BBB,96.6,97.7,92.88,93.95,917221
2025-12-12,BBB,93.95,98.78,93.47,98.28,1027682
2025-12-15,BBB,98.28,102.83,96.5,101.0,1309225
2025-12-16,BBB,101.0,104.15,100.07,103.2,1088879
2025-01-01,CCC,20.0,20.67,19.83,20.5,877270
2025-01-02,CCC,20.5,20.58,20.44,20.53,932015
2025-01-03,CCC,20.53,21.29,20.23,20.99,1013261
2025-01-06,CCC,20.99,22.32,20.63,21.95,970951
2025-01-07,CCC,21.95,22.56,20.91,21.51,987597
2025-01-08,CCC,21.51,22.0,20.97,21.46,1094621
2025-01-09,CCC,21.46,22.06,20.25,20.83,1183155
2025-01-10,CCC,20.83,21.3,20.76,21.23,856084
2025-01-13,CCC,21.23,21.58,20.68,21.02,1282687
2025-01-14,CCC,21.02,22.19,20.87,22.03,832057
2025-01-15,CCC,22.03,22.74,21.44,22.16,1048475
2025-01-16,CCC,22.16,22.31,21.94,22.09,760794
2025-01-17,CCC,22.09,22.64,21.91,22.46,824512
2025-01-20,CCC,22.46,22.47,20.55,20.56,1265837
2025-01-21,CCC,20.56,21.77,20.42,21.62,909668
2025-01-22,CCC,21.62,22.28,21.29,21.95,1045268
2025-01-23,CCC,21.95,22.91,21.55,22.49,984976
2025-01-24,CCC,22.49,22.79,22.09,22.39,875967
2025-01-27,CCC,22.39,22.51,22.15,22.27,1137037
2025-01-28,CCC,22.27,22.77,21.28,21.77,959331
2025-01-29,CCC,21.77,22.03,21.52,21.78,636363
2025-01-30,CCC,21.78,22.64,21.54,22.4,957800
2025-01-31,CCC,22.4,22.65,22.22,22.47,765618
2025-02-03,CCC,22.47,22.74,21.89,22.15,811856
2025-02-04,CCC,22.15,22.83,21.7,22.38,1069964
2025-02-05,CCC,22.38,22.93,21.84,22.39,1174710
2025-02-06,CCC,22.39,22.66,21.66,21.93,1030085
2025-02-07,CCC,21.93,23.06,21.59,22.72,1009251
2025-02-10,CCC,22.72,23.28,22.48,23.04,1026466
2025-02-11,CCC,23.04,23.33,22.54,22.82,1012921
2025-02-12,CCC,22.82,23.82,21.16,22.12,1065483
2025-02-13,CCC,22.12,23.56,21.34,22.76,848540
2025-02-14,CCC,22.76,23.93,22.06,23.21,1003119
2025-02-17,CCC,23.21,23.28,22.68,22.74,1206231
2025-02-18,CCC,22.74,23.02,22.07,22.34,927588
2025-02-19,CCC,22.34,22.38,21.69,21.73,1243701
2025-02-20,CCC,21.73,22.06,21.65,21.97,956228
2025-02-21,CCC,21.97,22.27,20.7,20.98,988324
2025-02-24,CCC,20.98,21.98,19.89,20.89,1044812
2025-02-25,CCC,20.89,21.03,20.32,20.45,1172266
2025-02-26,CCC,20.45,21.0,20.01,20.55,1137884
2025-02-27,CCC,20.55,21.13,19.61,20.17,1162007
2025-02-28,CCC,20.17,20.56,19.55,19.93,1010178
2025-03-03,CCC,19.93,20.62,19.79,20.47,873046
2025-03-04,CCC,20.47,20.79,19.8,20.11,949783
2025-03-05,CCC,20.11,20.4,19.61,19.89,1063539
2025-03-06,CCC,19.89,21.49,19.58,21.16,1003632
2025-03-07,CCC,21.16,22.11,21.13,22.08,1067855
2025-03-10,CCC,22.08,22.23,21.28,21.41,971928
2025-03-11,CCC,21.41,22.47,21.03,22.08,1388434
2025-03-12,CCC,22.08,22.61,21.97,22.5,1029157
2025-03-13,CCC,22.5,22.61,22.18,22.29,955689
2025-03-14,CCC,22.29,22.88,21.85,22.44,849018
2025-03-17,CCC,22.44,23.7,21.99,23.24,982289
2025-03-18,CCC,23.24,23.45,21.59,21.79,1194549
2025-03-19,CCC,21.79,22.14,21.47,21.81,924283
2025-03-20,CCC,21.81,22.58,21.63,22.39,964160
2025-03-21,CCC,22.39,22.53,22.05,22.18,861638
2025-03-24,CCC,22.18,23.4,22.07,23.29,1182573
2025-03-25,CCC,23.29,24.75,22.94,24.39,935256
2025-03-26,CCC,24.39,24.73,24.38,24.72,864444
2025-03-27,CCC,24.72,25.44,24.28,25.0,1178151
2025-03-28,CCC,25.0,25.07,24.61,24.69,1042493
2025-03-31,CCC,24.69,24.9,24.32,24.53,928764
2025-04-01,CCC,24.53,25.72,24.04,25.21,1018956
2025-04-02,CCC,25.21,27.11,24.83,26.71,898338
2025-04-03,CCC,26.71,27.24,26.64,27.17,1052594
2025-04-04,CCC,27.17,27.87,26.91,27.6,1166454
2025-04-07,CCC,27.6,28.09,27.5,27.99,1100886
2025-04-08,CCC,27.99,29.68,27.93,29.62,853820
2025-04-09,CCC,29.62,30.71,29.57,30.65,674099
2025-04-10,CCC,30.65,31.73,30.4,31.48,986420
2025-04-11,CCC,31.48,31.93,31.39,31.84,1106417
2025-04-14,CCC,31.84,32.08,31.23,31.47,961067
2025-04-15,CCC,31.47,32.51,31.18,32.21,859684
2025-04-16,CCC,32.21,33.58,31.95,33.31,1121208
2025-04-17,CCC,33.31,34.66,32.39,33.73,966480
2025-04-18,CCC,33.73,33.74,33.42,33.43,954523
2025-04-21,CCC,33.43,35.11,32.61,34.28,841947
2025-04-22,CCC,34.28,34.77,32.76,33.23,1256592
2025-04-23,CCC,33.23,33.31,33.09,33.18,1010507
2025-04-24,CCC,33.18,34.86,32.72,34.38,1035755
2025-04-25,CCC,34.38,35.71,34.12,35.44,1028437
2025-04-28,CCC,35.44,38.04,34.0,36.56,1101681
2025-04-29,CCC,36.56,37.56,34.91,35.9,1076680
2025-04-30,CCC,35.9,37.51,35.82,37.43,1142931
2025-05-01,CCC,37.43,40.07,36.69,39.29,1245994
2025-05-02,CCC,39.29,40.27,39.25,40.23,759705
2025-05-05,CCC,40.23,40.74,39.49,39.99,1325641
2025-05-06,CCC,39.99,40.07,39.77,39.84,1082722
2025-05-07,CCC,39.84,40.97,38.83,39.95,906602
2025-05-08,CCC,39.95,40.69,39.51,40.25,801996
2025-05-09,CCC,40.25,40.27,39.55,39.57,935604
2025-05-12,CCC,39.57,40.4,37.99,38.81,987534
2025-05-13,CCC,38.81,39.25,36.69,37.11,1012365
2025-05-14,CCC,37.11,37.28,35.38,35.54,887176
2025-05-15,CCC,35.54,36.66,34.83,35.94,718724
2025-05-16,CCC,35.94,36.2,35.85,36.12,1100701
2025-05-19,CCC,36.12,36.81,35.71,36.4,952141
2025-05-20,CCC,36.4,36.99,35.01,35.59,1003196
2025-05-21,CCC,35.59,37.7,35.55,37.67,893738
2025-05-22,CCC,37.67,38.69,35.04,36.02,762379
2025-05-23,CCC,36.02,36.64,35.74,36.36,762821
2025-05-26,CCC,36.36,37.66,36.09,37.39,1022018
2025-05-27,CCC,37.39,39.78,36.89,39.25,959720
2025-05-28,CCC,39.25,40.52,37.03,38.26,892127
2025-05-29,CCC,38.26,38.83,37.51,38.08,980311
2025-05-30,CCC,38.08,38.35,37.95,38.22,902499
2025-06-02,CCC,38.22,38.73,37.97,38.47,836440
2025-06-03,CCC,38.47,40.22,38.42,40.16,1002827
2025-06-04,CCC,40.16,41.22,40.02,41.07,1142970
2025-06-05,CCC,41.07,41.87,40.7,41.49,1054225
2025-06-06,CCC,41.49,41.56,40.06,40.13,995015
2025-06-09,CCC,40.13,40.2,39.86,39.94,717722
2025-06-10,CCC,39.94,39.99,39.28,39.34,1023978
2025-06-11,CCC,39.34,40.09,37.46,38.19,870073
2025-06-12,CCC,38.19,39.61,37.94,39.35,903065
2025-06-13,CCC,39.35,42.25,38.65,41.51,1137873
2025-06-16,CCC,41.51,43.25,41.09,42.82,1208869
2025-06-17,CCC,42.82,43.0,42.38,42.56,1039048
2025-06-18,CCC,42.56,43.08,41.94,42.45,1119023
2025-06-19,CCC,42.45,43.28,39.5,40.29,750626
2025-06-20,CCC,40.29,42.3,39.61,41.6,836355
2025-06-23,CCC,41.6,42.29,40.46,41.15,967761
2025-06-24,CCC,41.15,41.63,40.35,40.83,1196546
2025-06-25,CCC,40.83,42.96,40.48,42.6,968616
2025-06-26,CCC,42.6,43.11,40.02,40.51,1144727
2025-06-27,CCC,40.51,43.32,39.76,42.54,911130
2025-06-30,CCC,42.54,42.74,42.36,42.57,878559
2025-07-01,CCC,42.57,43.48,42.26,43.17,997832
2025-07-02,CCC,43.17,43.95,43.17,43.94,934542
2025-07-03,CCC,43.94,44.0,43.81,43.87,944498
2025-07-04,CCC,43.87,44.92,42.55,43.59,1084137
2025-07-07,CCC,43.59,44.05,42.82,43.27,949927
2025-07-08,CCC,43.27,45.11,43.03,44.86,983904
2025-07-09,CCC,44.86,46.6,43.8,45.53,830984
2025-07-10,CCC,45.53,45.62,43.87,43.96,1259877
2025-07-11,CCC,43.96,47.42,43.54,46.97,1075126
2025-07-14,CCC,46.97,47.36,44.14,44.51,881832
2025-07-15,CCC,44.51,44.62,43.63,43.74,929186
2025-07-16,CCC,43.74,44.23,40.75,41.21,839088
2025-07-17,CCC,41.21,42.86,39.93,41.57,862092
2025-07-18,CCC,41.57,41.75,38.31,38.48,1165143
2025-07-21,CCC,38.48,41.55,37.77,40.79,1074504
2025-07-22,CCC,40.79,40.86,40.22,40.29,1396651
2025-07-23,CCC,40.29,40.44,38.38,38.53,1070153
2025-07-24,CCC,38.53,39.9,38.47,39.84,1046207
2025-07-25,CCC,39.84,40.0,39.28,39.43,948521
2025-07-28,CCC,39.43,40.45,39.22,40.23,1056565
2025-07-29,CCC,40.23,40.93,39.55,40.25,992290
2025-07-30,CCC,40.25,41.02,37.45,38.17,864140
2025-07-31,CCC,38.17,38.51,37.15,37.48,1206165
2025-08-01,CCC,37.48,39.25,33.48,35.14,1158408
2025-08-04,CCC,35.14,35.45,35.11,35.42,1042833
2025-08-05,CCC,35.42,36.38,35.08,36.03,1083340
2025-08-06,CCC,36.03,36.29,35.93,36.18,977309
2025-08-07,CCC,36.18,36.8,35.41,36.03,1089033
2025-08-08,CCC,36.03,36.38,32.58,32.9,1029210
2025-08-11,CCC,32.9,33.12,32.71,32.93,1168616
2025-08-12,CCC,32.93,34.31,32.55,33.92,1061057
2025-08-13,CCC,33.92,34.62,32.3,32.98,905992
2025-08-14,CCC,32.98,34.37,32.51,33.88,1076962
2025-08-15,CCC,33.88,34.94,33.62,34.67,903777
2025-08-18,CCC,34.67,35.59,34.25,35.17,1113143
2025-08-19,CCC,35.17,36.87,34.8,36.48,1052717
2025-08-20,CCC,36.48,37.72,36.46,37.71,867718
2025-08-21,CCC,37.71,38.13,37.16,37.58,898723
2025-08-22,CCC,37.58,38.02,37.03,37.47,953805
2025-08-25,CCC,37.47,37.59,35.28,35.4,1000180
2025-08-26,CCC,35.4,35.75,34.24,34.58,1140635
2025-08-27,CCC,34.58,34.98,32.59,32.97,884628
2025-08-28,CCC,32.97,33.38,31.69,32.09,970926
2025-08-29,CCC,32.09,33.05,30.92,31.88,1095312
2025-09-01,CCC,31.88,31.91,30.72,30.74,1041606
2025-09-02,CCC,30.74,32.67,30.14,32.04,547073
2025-09-03,CCC,32.04,33.14,31.18,32.27,1185841
2025-09-04,CCC,32.27,32.76,32.03,32.52,1121068
2025-09-05,CCC,32.52,32.75,31.39,31.62,1075820
2025-09-08,CCC,31.62,34.03,30.31,32.67,1058862
2025-09-09,CCC,32.67,32.69,32.21,32.22,734638
2025-09-10,CCC,32.22,32.42,31.41,31.6,921386
2025-09-11,CCC,31.6,32.18,31.21,31.79,1168154
2025-09-12,CCC,31.79,31.84,31.79,31.84,950815
2025-09-15,CCC,31.84,32.43,31.45,32.04,869930
2025-09-16,CCC,32.04,32.18,31.31,31.45,798119
2025-09-17,CCC,31.45,31.68,30.51,30.73,1131158
2025-09-18,CCC,30.73,31.1,30.64,31.01,1127634
2025-09-19,CCC,31.01,31.19,30.75,30.93,984516
2025-09-22,CCC,30.93,31.5,30.66,31.22,634177
2025-09-23,CCC,31.22,31.89,30.48,31.15,1138932
2025-09-24,CCC,31.15,32.69,30.57,32.09,1013298
2025-09-25,CCC,32.09,32.63,31.8,32.33,952589
2025-09-26,CCC,32.33,33.57,31.75,32.98,979083
2025-09-29,CCC,32.98,32.98,32.58,32.58,1090181
2025-09-30,CCC,32.58,33.7,30.14,31.22,917419
2025-10-01,CCC,31.22,31.46,29.89,30.12,977832
2025-10-02,CCC,30.12,30.78,29.11,29.76,1049011
2025-10-03,CCC,29.76,30.35,29.48,30.07,829175
2025-10-06,CCC,30.07,31.09,30.04,31.05,1100572
2025-10-07,CCC,31.05,31.78,29.4,30.1,1122683
2025-10-08,CCC,30.1,30.9,29.7,30.49,869550
2025-10-09,CCC,30.49,32.13,29.94,31.56,1246400
2025-10-10,CCC,31.56,31.86,30.46,30.76,950707
2025-10-13,CCC,30.76,31.62,30.51,31.36,975581
2025-10-14,CCC,31.36,31.92,30.89,31.45,1111123
2025-10-15,CCC,31.45,31.55,30.9,31.01,850847
2025-10-16,CCC,31.01,31.1,28.59,28.67,1361892
2025-10-17,CCC,28.67,29.4,28.66,29.39,960566
2025-10-20,CCC,29.39,29.69,29.15,29.45,822878
2025-10-21,CCC,29.45,30.81,29.14,30.48,1107727
2025-10-22,CCC,30.48,30.94,30.47,30.93,1100929
2025-10-23,CCC,30.93,31.69,30.76,31.52,913959
2025-10-24,CCC,31.52,32.4,30.79,31.67,814133
2025-10-27,CCC,31.67,31.75,30.25,30.32,1007633
2025-10-28,CCC,30.32,30.64,30.21,30.52,966519
2025-10-29,CCC,30.52,32.7,29.79,31.93,875725
2025-10-30,CCC,31.93,32.72,31.1,31.88,973621
2025-10-31,CCC,31.88,33.53,31.87,33.52,1034605
2025-11-03,CCC,33.52,33.83,32.0,32.3,943720
2025-11-04,CCC,32.3,32.92,31.43,32.04,1083653
2025-11-05,CCC,32.04,32.16,30.91,31.02,1074733
2025-11-06,CCC,31.02,32.89,30.29,32.13,847735
2025-11-07,CCC,32.13,32.74,30.81,31.4,964897
2025-11-10,CCC,31.4,32.36,30.93,31.88,988607
2025-11-11,CCC,31.88,31.96,31.55,31.63,874728
2025-11-12,CCC,31.63,34.47,30.86,33.66,1027711
2025-11-13,CCC,33.66,35.75,33.65,35.75,971494
2025-11-14,CCC,35.75,35.85,35.32,35.42,1205927
2025-11-17,CCC,35.42,36.23,32.36,33.12,786406
2025-11-18,CCC,33.12,33.34,32.7,32.91,1088282
2025-11-19,CCC,32.91,33.14,31.16,31.38,1303646
2025-11-20,CCC,31.38,31.47,30.06,30.14,900702
2025-11-21,CCC,30.14,30.58,30.13,30.57,903776
2025-11-24,CCC,30.57,31.91,29.75,31.07,971364
2025-11-25,CCC,31.07,32.4,30.46,31.78,856534
2025-11-26,CCC,31.78,33.0,31.08,32.28,1053342
2025-11-27,CCC,32.28,32.28,32.03,32.03,812438
2025-11-28,CCC,32.03,33.09,31.6,32.66,932186
2025-12-01,CCC,32.66,32.79,32.12,32.24,934492
2025-12-02,CCC,32.24,33.26,31.21,32.23,962946
2025-12-03,CCC,32.23,32.54,31.62,31.93,1111628
2025-12-04,CCC,31.93,32.24,31.5,31.81,1198195
2025-12-05,CCC,31.81,33.51,31.52,33.21,720019
2025-12-08,CCC,33.21,34.61,32.87,34.26,1118593
2025-12-09,CCC,34.26,34.72,31.86,32.29,818324
2025-12-10,CCC,32.29,33.05,32.28,33.04,856909
2025-12-11,CCC,33.04,33.38,32.35,32.69,1015884
2025-12-12,CCC,32.69,34.3,31.72,33.31,765363
2025-12-15,CCC,33.31,35.03,33.26,34.98,865182
2025-12-16,CCC,34.98,35.08,33.54,33.63,1138247
